<?xml version="1.0" encoding="UTF-8" ?>
<configuration>
    <appender name="consoleApp" class="ch.qos.logback.core.ConsoleAppender">
        <layout class="ch.qos.logback.classic.PatternLayout">
            <pattern>
                %date{yyyy-MM-dd HH:mm:ss.SSS} %-5level[%thread]%logger{56}.%method:%L -%msg%n
            </pattern>
        </layout>
    </appender>
    <appender name="fileInfoApp" class="ch.qos.logback.core.rolling.RollingFileAppender">
        <filter class="ch.qos.logback.classic.filter.LevelFilter">
            <level>ERROR</level>
            <onMatch>DENY</onMatch>
            <onMismatch>ACCEPT</onMismatch>
        </filter>
        <encoder>
            <pattern>
                %date{yyyy-MM-dd HH:mm:ss.SSS} %-5level[%thread]%logger{56}.%method:%L -%msg%n
            </pattern>
            <charset>UTF-8</charset>
        </encoder>
        <!-- 滚动策略 -->
        <rollingPolicy class="ch.qos.logback.core.rolling.TimeBasedRollingPolicy">
            <!-- 开发路径 -->
            <fileNamePattern>D:/projectFile/logs/app.info.%d.log</fileNamePattern>
        </rollingPolicy>
    </appender>
    <appender name="fileErrorApp" class="ch.qos.logback.core.rolling.RollingFileAppender">
        <filter class="ch.qos.logback.classic.filter.ThresholdFilter">
            <level>ERROR</level>
        </filter>
        <encoder>
            <pattern>
                %date{yyyy-MM-dd HH:mm:ss.SSS} %-5level[%thread]%logger{56}.%method:%L -%msg%n
            </pattern>
            <charset>UTF-8</charset>
        </encoder>
        <!-- 设置滚动策略 -->
        <rollingPolicy class="ch.qos.logback.core.rolling.TimeBasedRollingPolicy">
            <!-- 开发路径 -->
            <fileNamePattern>D:/projectFile/logs/app.err.%d.log</fileNamePattern>
            <!-- 控制保留的归档文件的最大数量，超出数量就删除旧文件，假设设置每个月滚动，
            且<maxHistory> 是1，则只保存最近1个月的文件，删除之前的旧文件 -->
            <MaxHistory>1</MaxHistory>
        </rollingPolicy>
    </appender>

    <root level="ERROR">
        <appender-ref ref="consoleApp"/>
        <appender-ref ref="fileInfoApp"/>
        <appender-ref ref="fileErrorApp"/>
    </root>
</configuration>